{
  "project_info": {
    "project_number": "854024477513",
    "project_id": "eventbookingapp-f4532",
    "storage_bucket": "eventbookingapp-f4532.firebasestorage.app"
  },
  "client": [
    {
      "client_info": {
        "mobilesdk_app_id": "1:854024477513:android:ef7c7f71088dc698369898",
        "android_client_info": {
          "package_name": "com.example.midterm"
        }
      },
      "oauth_client": [],
      "api_key": [
        {
          "current_key": "AIzaSyD2_b-RgRj57EFkXJUT5JEFvMTTKGhpINg"
        }
      ],
      "services": {
        "appinvite_service": {
          "other_platform_oauth_client": []
        }
      }
    }
  ],
  "configuration_version": "1"
}